{
  "accuracy": 0.00033670032280497253,
  "loss": 0.00035877435584552586,
  "val_accuracy": 0.0013458949979394674,
  "val_loss": 0.0006157498573884368,
  "epoch": 8,
  "global_step": 837
}