{
  "accuracy": 0.00033670032280497253,
  "loss": 0.0003676725900731981,
  "val_accuracy": 0.0013458949979394674,
  "val_loss": 0.0006798870745114982,
  "epoch": 6,
  "global_step": 651
}