{
  "accuracy": 0.00033670032280497253,
  "loss": 0.0003025744517799467,
  "val_accuracy": 0.0013458949979394674,
  "val_loss": 0.0004884754307568073,
  "epoch": 13,
  "global_step": 1302
}