{
  "accuracy": 0.00033670032280497253,
  "loss": 0.0001840091572375968,
  "val_accuracy": 0.0013458949979394674,
  "val_loss": 0.0005163242458365858,
  "epoch": 12,
  "global_step": 1209
}